Número Gerações,Tamanho População,Chance de Mutação,Solução,Tempo de execução
10,30,0.1,24/10,0.008303165435791016
10,30,0.1,24/10,0.008626461029052734
200,50,0.5,24/10,0.5164601802825928
