Número Gerações,Tamanho População,Chance de Mutação,Solução,Tempo de execução
10,30,0.1,24/10,0.2844541072845459
10,30,0.1,24/10,0.27106642723083496
10,30,0.1,24/10,0.2453312873840332
